Name,Probability
Lowndes County,58.9
Perry County,58.6
Greene County,60.8
Marengo County,56.3
Sumter County,58.0
Bullock County,59.0
Wilcox County,61.3
Allendale County,57.2
Dallas County,57.2
Colbert County,53.7
Henry County,57.9
Marion County,57.6
Calhoun County,53.5
Fairfield County,58.1
Barbour County,57.2
Macon County,58.9
Yalobusha County,60.2
Todd County,58.2
Cumberland County,54.3
Choctaw County,61.3
Wilkinson County,61.5
Haskell County,56.5
Escambia County,56.6
Monroe County,57.2
Washington County,61.3
Butler County,56.8
Lawrence County,59.6
Noxubee County,58.3
Amite County,59.5
McCormick County,58.9
Fayette County,55.9
McDowell County,61.0
Letcher County,59.7
McLean County,56.9
Holmes County,61.1
Williamsburg County,54.9
Logan County,57.4
Conecuh County,60.2
McDuffie County,54.6
Coosa County,60.0
Humphreys County,58.1
Barnwell County,55.4
Monroe County,57.7
Clay County,59.2
East Feliciana Parish,57.1
Clarendon County,56.9
Marion County,54.9
Gadsden County,56.9
Sharkey County,60.5
Claiborne County,57.4
Walthall County,57.1
Vinton County,59.7
Abbeville County,59.2
Bamberg County,55.5
Quitman County,59.6
Harlan County,57.2
Jefferson County,61.8
Lee County,57.4
McNairy County,60.2
Etowah County,56.0
Carroll County,61.0
Coahoma County,56.6
Jasper County,61.6
Thurston County,56.0
Pushmataha County,57.8
Walker County,56.6
Phillips County,55.6
Jefferson County,56.9
Randolph County,57.4
Tate County,55.1
Meigs County,59.0
Webster County,58.2
Crenshaw County,55.2
Bolivar County,55.3
Colleton County,54.9
Dillon County,57.6
Ziebach County,54.6
Wayne County,57.4
Chambers County,57.7
Pickens County,57.2
St. Francis County,57.2
Edgecombe County,55.6
Clarke County,56.2
Talbot County,59.0
East Carroll Parish,57.7
Tensas Parish,59.7
Covington County,58.6
Prentiss County,59.0
Perry County,59.7
Warren County,56.1
Taliaferro County,57.2
Knox County,57.6
Tunica County,54.9
Northampton County,56.7
Buffalo County,59.6
Edmonson County,59.1
Knott County,61.1
Pike County,56.1
Franklin County,61.3
Leflore County,55.1
Brooke County,55.3
Roane County,58.3
Hale County,58.0
Baxter County,54.9
Lee County,60.6
Leslie County,59.4
Ohio County,55.8
Morehouse Parish,57.2
Columbus County,57.4
Scioto County,56.3
Coffee County,53.2
Mississippi County,55.2
Union County,56.2
Benton County,60.1
Kemper County,61.6
Lawrence County,57.9
Martin County,54.9
Fayette County,56.9
Henderson County,54.7
Marion County,57.5
Halifax County,56.5
Braxton County,57.2
Crittenden County,52.9
Hancock County,57.7
Warren County,58.9
St. Helena Parish,61.1
Choctaw County,61.3
Cocke County,55.6
Dyer County,53.7
Boyd County,56.3
Breathitt County,58.4
Metcalfe County,56.6
Robeson County,54.4
Lawrence County,57.1
Newberry County,53.6
Grant County,56.3
Lincoln County,57.9
Nicholas County,56.6
Lawrence County,58.2
Mobile County,52.2
Fulton County,57.2
Madison County,55.6
Early County,55.3
Martin County,54.4
McCreary County,58.5
Union Parish,56.2
Jefferson Davis County,60.8
Newton County,54.6
Pike County,56.5
Lenoir County,52.5
Hughes County,56.0
Ottawa County,52.9
Union County,57.7
Dewey County,58.4
Petersburg city,54.4
Izard County,57.7
Calhoun County,57.9
Wilkes County,54.8
West Carroll Parish,55.8
Dorchester County,53.2
Issaquena County,59.5
Marshall County,56.1
Wayne County,60.2
Choctaw County,57.9
Obion County,54.7
Mercer County,57.2
Jefferson County,55.3
Taylor County,54.4
Greene County,56.9
Attala County,56.0
Quitman County,61.1
Jefferson County,54.0
Lauderdale County,58.1
Hardy County,55.6
Talladega County,57.2
Lafayette County,57.7
Johnson County,56.0
Tallahatchie County,57.5
Haywood County,57.3
Tazewell County,57.5
Danville city,53.1
Barbour County,57.6
Summers County,58.1
Chicot County,57.2
Sharp County,54.8
McIntosh County,58.4
Chickasaw County,57.9
Sunflower County,55.8
Marlboro County,55.7
Grundy County,57.8
Houston County,58.7
Stewart County,57.8
Raleigh County,56.7
Ritchie County,57.9
Fayette County,60.4
Desha County,54.9
Lawrence County,52.0
Adair County,59.1
Scott County,54.4
Ozark County,58.4
Pamlico County,54.8
Belmont County,53.7
Nowata County,58.0
Hampton County,56.9
Orangeburg County,55.0
Overton County,57.3
Henry County,56.0
Jay County,51.8
Pendleton County,56.1
St. Mary Parish,54.5
Washington Parish,56.1
Copiah County,55.2
Tishomingo County,60.3
Warren County,52.9
Winston County,58.1
Latimer County,57.4
Love County,55.9
Jasper County,54.6
Laurens County,54.0
Decatur County,57.0
Pickett County,56.8
Boone County,59.7
Calhoun County,55.8
Jackson County,58.2
Lamar County,61.6
Randolph County,58.1
Sumter County,54.5
Terrell County,57.4
Clarke County,57.6
Washington County,56.6
Anson County,57.9
Jones County,58.2
Swain County,53.9
Monroe County,57.2
Franklin city,57.7
Wyoming County,59.9
Bibb County,58.1
La Paz County,56.6
Ouachita County,53.0
Baker County,57.2
Dooly County,57.2
Meriwether County,57.4
Wilkinson County,57.2
Grant County,55.8
Breckinridge County,57.9
Sabine Parish,57.9
Morgan County,58.4
Van Wert County,53.4
Creek County,53.8
Chesterfield County,54.9
Claiborne County,57.5
Northumberland County,55.9
Wirt County,58.8
Covington County,56.4
Woodruff County,57.5
Lake County,52.9
Burke County,56.9
Decatur County,51.9
Grayson County,57.3
Morgan County,59.2
Calhoun County,57.0
Webster County,60.8
Washington County,56.9
Chester County,53.8
Hardeman County,55.3
Monroe County,56.1
Unicoi County,55.9
Weakley County,55.9
Clay County,59.7
Citrus County,55.5
Webster County,55.4
Bell County,57.3
Bracken County,56.7
Estill County,60.0
Fulton County,58.9
Lewis County,60.6
St. James Parish,54.2
Arenac County,55.9
Clay County,60.2
Jones County,52.9
Coshocton County,53.2
Hocking County,54.6
Cherokee County,55.2
Darlington County,55.3
Bennett County,56.8
Carroll County,57.6
Fentress County,59.3
Van Buren County,59.7
Buchanan County,58.5
Northampton County,52.4
Clay County,60.2
Ashley County,56.4
Garland County,53.5
Brooks County,56.9
Monroe County,53.1
Taylor County,57.7
Twiggs County,59.0
White County,53.9
Perry County,58.9
Concordia Parish,57.1
Grenada County,54.4
Panola County,57.2
Bladen County,55.6
Gallia County,59.5
Cotton County,56.8
Lewis County,58.7
Cullman County,53.0
Apache County,56.9
Dallas County,59.7
Bradford County,55.8
Calhoun County,56.9
Laurens County,54.4
Mitchell County,54.8
Casey County,55.4
Greenup County,56.3
Assumption Parish,55.9
St. John the Baptist Parish,53.2
Roscommon County,55.2
Montgomery County,59.2
Smith County,57.9
Hertford County,54.9
Pasquotank County,52.2
Warren County,55.9
Washington County,53.1
Lincoln County,55.4
Seminole County,58.2
Cherokee County,55.8
Georgetown County,54.9
DeKalb County,55.8
Giles County,56.6
Grainger County,58.8
Hawkins County,56.6
Marshall County,53.7
Sullivan County,54.0
Garfield County,53.7
Montgomery County,56.4
Prairie County,58.5
Polk County,53.0
Turner County,56.9
Vermillion County,53.0
Montgomery County,53.5
Carter County,56.7
Lyon County,59.2
Alcorn County,56.1
Jackson County,52.9
Yazoo County,57.2
Adair County,56.4
Tillman County,57.9
Sumter County,54.5
Benton County,58.7
Bradley County,53.4
Buckingham County,57.7
Pittsylvania County,56.2
Harrison County,53.9
Morgan County,55.2
Pendleton County,56.6
Lauderdale County,53.4
Highlands County,54.5
Holmes County,56.9
Berrien County,54.9
Crisp County,54.5
Pickens County,52.6
Seminole County,56.9
Randolph County,52.3
Laurel County,56.0
Wayne County,56.9
Avoyelles Parish,55.7
West Baton Rouge Parish,52.5
Monroe County,58.1
Bertie County,56.5
Caldwell County,53.6
McDowell County,55.5
Jackson County,56.5
Blaine County,57.6
Delaware County,54.0
Le Flore County,55.2
Carter County,57.7
Lawrence County,56.4
Lincoln County,53.7
Macon County,55.2
Madison County,53.1
Meigs County,59.4
Charles City County,56.7
Lewis County,52.4
Blount County,56.3
Dale County,53.5
Charlotte County,55.4
Levy County,54.9
Lincoln County,59.2
Owen County,52.4
Clay County,54.7
Bath County,59.0
Butler County,57.6
Clay County,59.0
Hickman County,59.4
De Soto Parish,53.8
Washington County,57.7
Rockingham County,53.4
Pottawatomie County,53.7
Edgefield County,57.9
Florence County,52.0
Humphreys County,60.2
Johnson County,56.6
McMinn County,58.2
Essex County,53.1
Greensville County,58.9
Scott County,58.2
Kanawha County,53.3
Mineral County,53.9
Dixie County,58.2
Baldwin County,54.4
Marion County,56.9
Thomas County,54.4
Morgan County,52.4
Rush County,52.9
Henderson County,53.9
Taylor County,55.3
Bienville Parish,58.1
Alcona County,58.3
Presque Isle County,55.4
Franklin County,53.7
Vance County,54.8
Noble County,58.6
Harmon County,57.2
McCurtain County,55.2
Washington County,53.4
Henry County,56.6
Moore County,56.4
Nottoway County,58.2
Surry County,56.7
Portsmouth city,53.5
Calhoun County,59.4
Fayette County,57.5
Marshall County,52.7
Wood County,52.9
Franklin County,55.3
Geneva County,58.1
Nevada County,58.2
Polk County,54.3
Worth County,55.0
Adams County,52.5
Fountain County,54.7
Wabash County,51.9
Crittenden County,60.3
Hancock County,56.0
Martin County,56.1
Webster County,56.2
St. Landry Parish,55.5
Adams County,55.2
Simpson County,53.3
Barton County,55.6
Benton County,55.0
Boyd County,54.4
Johnston County,53.4
Rutherford County,55.8
Dewey County,54.2
Clay County,59.9
Hamblen County,55.8
Pend Oreille County,54.1
Menominee County,58.6
Franklin County,54.7
Logan County,54.8
Poinsett County,58.7
Glades County,58.2
Sumter County,52.0
Bourbon County,55.6
Trigg County,59.2
Richland Parish,55.7
St. Bernard Parish,52.9
Gladwin County,55.5
Duplin County,53.3
McIntosh County,57.7
Mayes County,52.2
Chester County,55.4
Crockett County,57.7
Hardin County,55.3
Jackson County,59.1
Union County,59.2
Leon County,54.9
Cumberland County,56.4
Lancaster County,54.2
Pocahontas County,60.3
Tucker County,54.5
Houston County,52.4
Tallapoosa County,56.1
Calhoun County,56.8
Conway County,56.1
DeSoto County,57.2
Hendry County,54.4
Candler County,54.6
Stewart County,56.9
Blackford County,53.6
Ripley County,52.0
Cheyenne County,54.2
Hodgeman County,55.1
Allen County,58.9
Jackson County,60.3
Larue County,57.1
Robertson County,60.0
Somerset County,55.5
Lee County,53.7
Gaston County,52.9
Halifax County,54.5
Randolph County,53.1
Sampson County,52.5
Scotland County,55.5
Jefferson County,54.6
Johnston County,57.9
Clearfield County,53.4
Blount County,53.5
Polk County,58.5
Rhea County,56.1
Cass County,57.9
San Augustine County,57.4
Mecklenburg County,54.7
Pulaski County,54.0
Monroe County,60.5
Pleasants County,60.3
Tyler County,57.0
Cross County,53.4
Drew County,55.9
Bleckley County,54.6
Floyd County,55.5
Peach County,52.1
Pulaski County,57.9
Screven County,58.4
Toombs County,52.2
Starke County,57.6
Wilson County,54.2
Cumberland County,60.3
Jackson Parish,58.4
Worcester County,52.8
Ogemaw County,54.7
Hancock County,53.4
Lowndes County,52.9
Marion County,56.4
Dent County,56.9
Stoddard County,55.1
Wayne County,58.7
McKinley County,53.7
Tyrrell County,57.2
Brown County,56.0
Pike County,57.6
Kiowa County,54.9
Smith County,57.4
White County,57.3
Accomack County,52.9
Hopewell city,55.4
Greenbrier County,59.2
Montgomery County,52.2
Pike County,52.3
Cleburne County,55.4
Hempstead County,52.9
Union County,52.9
Suwannee County,54.9
Dodge County,55.8
Effingham County,55.6
Hart County,55.5
Henry County,52.9
Macon County,57.2
Richmond County,54.5
Kingman County,54.2
Logan County,50.9
Fleming County,54.2
Whitley County,56.6
Franklin Parish,57.9
Leake County,56.4
Pontotoc County,55.4
St. Louis city,51.9
Glacier County,55.0
Catawba County,52.9
Lee County,52.8
Perquimans County,57.4
Seneca County,53.4
Sequoyah County,55.2
Stephens County,53.7
Berkeley County,53.0
Lake County,59.2
Sequatchie County,54.2
Tipton County,53.8
Sussex County,55.8
Westmoreland County,53.8
Cabell County,56.7
DeKalb County,56.3
Elmore County,53.5
Howard County,53.7
Searcy County,58.4
Hernando County,55.5
Liberty County,58.9
Evans County,56.9
Montgomery County,57.2
Muscogee County,51.9
Carroll County,53.7
Gibson County,54.0
Henry County,56.2
Switzerland County,55.8
Barren County,52.6
Floyd County,59.7
Franklin County,52.9
Magoffin County,60.6
Powell County,59.4
Pulaski County,54.8
Harrison County,52.2
Neshoba County,53.3
Big Horn County,56.1
Cibola County,54.9
Beaufort County,54.5
Fulton County,51.8
Logan County,54.0
Beaver County,56.3
Marshall County,56.4
Murray County,52.9
Okfuskee County,58.7
Pawnee County,55.8
Campbell County,56.5
Roane County,56.6
Scott County,60.2
Kerr County,53.1
Emporia city,55.4
Hampshire County,57.1
Cherokee County,59.0
Chilton County,53.8
Madison County,58.2
Miller County,57.4
Greene County,52.4
Green County,58.7
Hopkins County,54.0
Monroe County,58.8
Montgomery County,55.7
Aroostook County,52.9
Ontonagon County,58.9
Lauderdale County,53.0
Dade County,54.7
Chowan County,56.9
Sioux County,58.3
Ashtabula County,53.4
Crawford County,52.9
Ross County,57.2
Muskogee County,55.2
Lincoln County,51.4
Corson County,57.0
Loudon County,52.9
Gillespie County,51.9
Llano County,51.8
Winston County,55.1
Lawrence County,60.8
Sussex County,52.8
Lafayette County,56.3
Harris County,53.2
Houston County,52.9
Tift County,51.6
Whitfield County,53.0
Ballard County,60.5
Bullitt County,53.1
Elliott County,61.2
Rockcastle County,60.0
Washington County,56.1
Jefferson Davis Parish,56.0
Rapides Parish,51.9
Caldwell County,55.6
Vernon County,52.6
Caswell County,58.4
Nash County,53.2
Surry County,53.4
Champaign County,53.9
Harrison County,57.4
Alfalfa County,59.1
Garvin County,53.8
Noble County,55.9
Bedford County,53.1
Venango County,53.1
Anderson County,53.1
Greenwood County,55.5
Mellette County,57.8
Trousdale County,56.8
Jasper County,55.8
Sabine County,56.9
Lunenburg County,58.1
Jackson County,55.9
Mason County,58.0
Mingo County,60.2
Navajo County,54.9
Bradley County,53.7
Craighead County,53.4
Independence County,53.5
Lee County,58.0
Lonoke County,53.5
Crawford County,56.4
Rockdale County,52.9
Wayne County,54.9
Dearborn County,52.8
Howard County,53.1
Carlisle County,55.4
Harrison County,54.8
Hart County,56.0
Owsley County,60.6
Mackinac County,58.3
George County,57.1
Hickory County,59.9
Pemiscot County,56.6
Banner County,56.1
Clay County,57.5
Polk County,55.7
Wayne County,53.1
Perry County,54.2
Craig County,58.2
Pittsburg County,56.1
Cambria County,53.9
Sullivan County,56.1
Coffee County,53.4
Franklin County,53.4
Gibson County,54.4
Washington County,53.5
Autauga County,53.4
Jefferson County,52.2
Carroll County,52.0
Cleveland County,60.5
Baker County,56.2
Hamilton County,56.9
Elbert County,54.9
Oglethorpe County,53.7
Rabun County,57.1
Washington County,57.4
Hardin County,57.7
Jo Daviess County,52.2
Crawford County,58.9
Sullivan County,59.7
Bourbon County,55.9
Jewell County,55.2
Mason County,53.1
Natchitoches Parish,53.0
Red River Parish,59.7
Iron County,55.1
Kalkaska County,58.3
Lake County,58.2
Oceana County,54.9
Oscoda County,57.1
Greene County,58.9
Cedar County,57.0
Ralls County,57.1
Stone County,54.9
Texas County,55.6
Cherokee County,57.1
Allen County,53.1
Fayette County,53.9
Montgomery County,52.6
Ellis County,55.2
Grant County,56.3
Saluda County,56.0
Hancock County,61.6
Motley County,56.7
Doddridge County,58.1
Wetzel County,58.0
Russell County,52.9
Arkansas County,52.9
Columbia County,54.7
Greene County,53.3
Jackson County,55.2
Little River County,55.9
Sebastian County,53.2
Van Buren County,54.3
Yell County,54.8
Washington County,56.9
Appling County,52.2
Clinch County,57.6
Fayette County,52.6
Spalding County,54.2
Towns County,56.2
Daviess County,51.9
Acadia Parish,54.0
Iberia Parish,53.2
Webster Parish,57.4
Antrim County,55.2
Iosco County,54.7
Lincoln County,57.1
Gates County,57.4
Rolette County,57.3
Clark County,53.4
Marion County,55.7
Muskingum County,54.0
Sandusky County,53.4
Stark County,53.6
Coal County,55.6
Greer County,59.7
Cannon County,57.1
Washington County,53.2
Angelina County,53.2
Menard County,55.1
Nelson County,53.7
Asotin County,51.7
Marshall County,53.8
St. Clair County,53.8
Mohave County,54.6
Newton County,57.5
Kent County,52.9
Colquitt County,52.6
Jeff Davis County,56.9
Putnam County,53.2
Harrison County,52.4
Union County,55.2
Wapello County,52.3
Greenwood County,54.9
Pawnee County,55.9
Garrard County,56.3
Trimble County,54.2
Allegany County,55.9
Washington County,52.9
Saginaw County,55.4
DeSoto County,53.2
Itawamba County,55.3
Tippah County,59.7
Harrison County,53.8
Roosevelt County,54.3
Furnas County,54.7
Alleghany County,54.5
Mitchell County,56.2
Rowan County,53.1
Darke County,52.3
Huron County,52.7
Miami County,53.1
Williams County,52.7
Atoka County,57.2
Jackson County,52.2
Coos County,53.7
Aiken County,53.1
Spartanburg County,52.9
Robertson County,53.8
Martinsville city,55.4
Wahkiakum County,56.2
Adams County,55.8
Randolph County,57.0
Stone County,57.7
Columbia County,55.4
Bibb County,54.4
Johnson County,58.4
Murray County,56.5
St. Clair County,52.2
Vermilion County,53.4
Huntington County,52.3
Posey County,53.6
Scott County,54.6
Washington County,54.2
Clinton County,55.3
Grant County,52.7
Iberville Parish,56.9
Dickinson County,52.0
Leelanau County,51.8
Pearl River County,55.1
Greene County,57.2
Stokes County,53.9
Carroll County,53.1
Tuscarawas County,53.1
Kay County,53.8
Wilson County,53.4
Bowie County,52.1
Amherst County,54.3
Newport News city,52.9
Randolph County,56.8
Upshur County,52.9
Cleburne County,57.9
Limestone County,55.7
Morgan County,53.7
Yuma County,54.5
Hardee County,54.4
Marion County,54.5
Jasper County,56.3
Schley County,54.9
Stephens County,53.1
Troup County,51.9
White County,55.6
Wabash County,52.8
Brown County,52.3
Perry County,53.9
Pike County,53.0
Chautauqua County,53.2
Cloud County,53.0
Caldwell County,59.7
Gallatin County,56.1
Wolfe County,58.2
Beauregard Parish,56.1
La Salle Parish,57.4
Benzie County,54.9
Keweenaw County,59.8
Schoolcraft County,58.9
Tuscola County,54.9
Macon County,54.0
Mississippi County,56.8
Monroe County,56.4
Scott County,53.3
Person County,53.2
Mountrail County,52.1
Guernsey County,53.7
Preble County,52.4
Caddo County,57.9
Washita County,55.7
Wheeler County,53.9
Wayne County,55.7
Kershaw County,53.4
Dickson County,53.7
Coke County,55.3
San Jacinto County,57.2
Isle of Wight County,53.9
Southampton County,59.6
Spotsylvania County,53.2
Pacific County,53.8
Johnson County,52.7
Union County,58.9
Stephenson County,53.5
Clinton County,54.7
Delaware County,53.6
Jefferson County,53.2
Parke County,57.9
Decatur County,56.2
Carroll County,57.1
Nicholas County,55.7
Winn Parish,57.9
Berrien County,52.9
Calhoun County,52.9
Montmorency County,58.9
Marion County,54.0
Worth County,55.4
Nye County,55.4
Montgomery County,57.9
Columbiana County,53.9
Mahoning County,53.1
Wyandot County,51.9
Carter County,53.1
Cimarron County,54.2
Okmulgee County,55.2
Roger Mills County,54.2
Crook County,54.1
Greene County,59.2
Lawrence County,53.9
Mifflin County,52.8
Somerset County,54.0
Warren County,52.4
Bledsoe County,59.0
Putnam County,53.1
Marion County,56.9
Mason County,55.1
Patrick County,59.1
Forest County,56.6
Boone County,52.7
Pike County,55.9
Escambia County,51.9
Flagler County,55.5
Jackson County,55.8
Volusia County,52.6
Ben Hill County,54.2
Dougherty County,54.4
Franklin County,55.8
Gilmer County,54.8
Irwin County,54.4
Jones County,53.9
Walker County,56.3
Iroquois County,53.0
Clark County,53.1
Hancock County,53.7
Jackson County,52.0
Ohio County,52.0
Elk County,54.2
Mitchell County,51.2
Clark County,53.6
Muhlenberg County,58.5
Woodford County,53.6
Livingston Parish,53.6
Muskegon County,55.8
Hinds County,52.9
Stone County,55.6
Gasconade County,54.7
Maries County,57.1
Pettis County,53.7
St. Clair County,58.4
Cleveland County,53.2
Wilson County,52.2
Paulding County,55.5
Pickaway County,54.0
Harper County,55.8
Osage County,54.4
Woods County,55.9
Grant County,53.9
Montour County,52.3
Hall County,58.8
Jeff Davis County,53.9
Highland County,56.2
Middlesex County,54.2
Hampton city,52.9
Iron County,54.4
Tuscaloosa County,53.2
Pinal County,55.8
Lincoln County,56.6
Miller County,52.9
Bryan County,53.0
Telfair County,56.9
Treutlen County,59.0
Ware County,54.4
Jennings County,53.5
Morris County,52.8
Rawlins County,55.2
Lincoln County,57.0
Livingston County,58.9
Menifee County,61.1
Spencer County,56.4
Evangeline Parish,55.2
Vernon Parish,55.5
Piscataquis County,51.7
Wicomico County,52.9
Baltimore city,51.9
Delta County,52.0
Howell County,54.4
Coos County,52.0
Bronx County,54.5
Haywood County,52.7
Lucas County,52.9
Trumbull County,53.9
Wayne County,52.9
Juniata County,51.5
Anderson County,53.4
Cheatham County,53.0
Greene County,56.1
Jefferson County,55.9
Morgan County,61.3
Wayne County,60.2
Cottle County,56.7
Tyler County,58.6
Wichita County,53.0
Carroll County,54.3
Prince George County,56.1
Price County,54.4
Hot Spring County,56.4
Marion County,57.9
Perry County,60.0
Sevier County,53.8
Pasco County,52.9
Putnam County,54.8
Catoosa County,53.0
Cook County,52.2
Dade County,52.9
Fannin County,54.7
Oneida County,54.2
Carroll County,55.1
Stark County,54.7
Fayette County,56.5
Lake County,52.9
Madison County,53.4
Pulaski County,55.2
Warren County,54.4
Cherokee County,52.2
Neosho County,53.0
Anderson County,56.1
Mercer County,53.4
Russell County,54.8
Todd County,57.8
West Feliciana Parish,59.1
Garrett County,53.6
Cass County,53.2
Genesee County,55.5
Atchison County,53.8
Linn County,54.0
New Madrid County,58.6
Reynolds County,60.4
St. Francois County,57.5
Shannon County,58.4
Hoke County,54.8
Nelson County,56.7
Morrow County,53.1
Kingfisher County,55.8
Mercer County,53.9
Hamilton County,52.9
Hickman County,59.6
Sevier County,52.7
Shelby County,52.2
Baylor County,57.5
Burleson County,54.5
Eastland County,57.9
King and Queen County,56.3
Ohio County,53.7
Vilas County,52.0
Bartow County,53.1
Decatur County,54.8
Grady County,55.1
Jenkins County,56.9
Wheeler County,57.9
Lemhi County,54.1
Pulaski County,58.6
Benton County,52.9
Clinton County,53.2
Floyd County,51.8
Osborne County,54.7
Ottawa County,56.6
Caldwell Parish,55.2
Cheboygan County,56.0
Chippewa County,57.2
Dallas County,53.5
DeKalb County,59.9
Jefferson County,54.7
Chatham County,53.1
Cumberland County,53.0
Granville County,53.6
Pender County,53.4
Stanly County,52.6
Pembina County,55.3
Logan County,53.8
Northumberland County,53.6
Potter County,54.9
Aransas County,54.4
Real County,55.7
Lee County,58.6
Wise County,57.5
Wythe County,54.2
Marquette County,51.8
Pulaski County,53.2
Clay County,52.9
Osceola County,53.0
Bulloch County,52.0
Douglas County,53.0
Heard County,58.7
Pike County,55.3
Saline County,58.7
Page County,53.1
Linn County,54.7
Bossier Parish,52.9
Caddo Parish,52.1
Claiborne Parish,59.1
Grant Parish,57.9
Luce County,59.7
Wayne County,54.5
Randolph County,56.3
Graham County,56.2
Hyde County,58.4
Butler County,52.9
Cuyahoga County,52.9
Grady County,53.7
Baker County,51.5
Tioga County,53.1
Oconee County,55.7
York County,52.9
Roberts County,55.5
Gonzales County,52.2
Kent County,56.9
Palo Pinto County,53.6
Stonewall County,55.6
Waller County,55.9
Brunswick County,56.3
Charlotte County,56.3
Hancock County,54.5
Washakie County,51.5
Upson County,57.9
Union County,57.4
Clay County,55.2
Vanderburgh County,53.1
Pocahontas County,55.3
Worth County,54.4
Chase County,55.1
Gove County,50.8
Reno County,53.8
Stafford County,54.2
Wyandotte County,53.3
Boone County,52.9
Jefferson County,52.9
Orleans Parish,51.9
Tangipahoa Parish,52.5
Caroline County,53.6
Clare County,54.4
Douglas County,58.8
Gentry County,53.0
Lafayette County,53.8
Blaine County,56.2
Burke County,53.0
Mercer County,50.9
Richland County,53.6
Canadian County,53.2
Pontotoc County,53.4
Curry County,53.5
Columbia County,53.1
Dauphin County,52.9
Fulton County,56.6
Pickens County,52.6
Maury County,53.7
Delta County,54.9
Goliad County,56.9
Grimes County,57.6
Harrison County,52.6
Milam County,54.6
Red River County,58.2
Mathews County,54.0
Roanoke city,53.2
Columbia County,53.9
Madison County,54.1
Saline County,53.4
Glascock County,58.0
Henderson County,55.6
Montgomery County,52.7
Noble County,51.9
Wells County,51.9
Monona County,53.0
Union County,52.9
Clark County,54.2
Lane County,55.5
Sheridan County,55.2
Logan County,56.3
Ouachita Parish,52.6
Prince George's County,52.9
Van Buren County,53.6
Perry County,61.3
Henry County,54.5
Montgomery County,54.7
Putnam County,55.0
Warren County,53.8
Box Butte County,51.8
Eddy County,54.4
Geauga County,52.9
Henry County,51.8
Washington County,53.9
Westmoreland County,53.3
Lancaster County,55.4
McPherson County,56.2
Sumner County,53.4
Edwards County,55.1
Hamilton County,53.9
Limestone County,56.9
McMullen County,54.2
Rains County,53.4
Washington County,52.9
Amelia County,56.8
Cowlitz County,54.3
Gilmer County,54.5
Taylor County,58.4
Florence County,54.4
Brevard County,52.9
Jefferson County,58.2
Wakulla County,55.5
Butts County,55.8
Lamar County,56.3
Pike County,54.0
Lawrence County,59.1
Winnebago County,53.2
Audubon County,54.4
Crawford County,52.4
Harrison County,54.9
Jackson County,53.1
Brown County,52.9
Ellsworth County,55.9
Pratt County,53.4
Wallace County,56.3
Woodson County,56.7
Cameron Parish,57.8
Terrebonne Parish,53.1
Missaukee County,51.8
Audrain County,53.8
Butler County,52.9
Laclede County,52.6
Miller County,52.7
Lincoln County,54.1
Rosebud County,53.8
Salem County,52.8
Macon County,55.0
Benson County,56.6
Clermont County,52.8
Clinton County,53.9
Custer County,53.4
Armstrong County,53.9
Blair County,54.0
Clarion County,53.2
Crawford County,53.9
Luzerne County,53.1
Charles Mix County,53.3
Anderson County,54.9
Fisher County,56.9
Foard County,57.9
Hood County,51.8
Lavaca County,53.6
Mills County,52.1
Newton County,58.2
Shelby County,52.5
Wood County,55.8
Rappahannock County,55.3
Putnam County,52.8
Pepin County,55.8
Big Horn County,51.8
Clark County,52.8
Okeechobee County,55.5
Walton County,54.2
Charlton County,56.0
Clayton County,53.0
Emanuel County,54.5
Lowndes County,51.9
Morgan County,53.4
Walton County,53.2
Adams County,54.2
Franklin County,55.7
Fulton County,56.1
Miami County,55.8
Newton County,52.0
Orange County,55.3
Adair County,52.0
Appanoose County,52.8
Lucas County,53.4
Wayne County,52.1
Russell County,55.5
Hardin County,52.9
Meade County,55.7
Shelby County,53.6
Simpson County,53.3
Union County,56.2
Calcasieu Parish,53.1
East Baton Rouge Parish,52.6
Jefferson Parish,52.6
Mille Lacs County,52.0
Buchanan County,53.4
Valley County,54.4
Cumberland County,55.4
Alexander County,53.2
Jackson County,53.1
Ashland County,53.1
Defiance County,53.6
Major County,51.8
Gilliam County,55.3
Adams County,52.4
Erie County,53.1
Calhoun County,55.4
Cherokee County,54.9
Coleman County,56.9
DeWitt County,57.6
Fayette County,54.0
Kimble County,51.5
Lamar County,52.2
Appomattox County,54.9
Augusta County,53.8
Richmond County,55.8
Colonial Heights city,52.9
Grays Harbor County,54.6
Juneau County,53.4
Madison County,52.9
St. Lucie County,52.0
Atkinson County,57.6
Coffee County,54.2
Glynn County,52.1
Clark County,52.7
Greene County,57.1
Vigo County,52.9
Wayne County,53.1
Henry County,53.0
Osceola County,53.9
Pottawattamie County,52.6
Crawford County,53.3
Osage County,55.2
McCracken County,53.1
Pointe Coupee Parish,55.1
Somerset County,52.4
Aitkin County,55.8
Chariton County,58.5
Holt County,52.3
Lincoln County,53.8
Mercer County,52.3
Ray County,54.1
Shelby County,53.2
Otoe County,51.5
Ashe County,51.9
Sheridan County,55.7
Hancock County,52.1
Lorain County,53.1
Woodward County,55.9
Lake County,53.8
Huntingdon County,56.2
Jefferson County,53.0
Lackawanna County,52.9
Philadelphia County,54.4
Bedford County,53.5
Falls County,57.4
Runnels County,56.9
Trinity County,57.4
Goochland County,58.2
Roanoke County,52.9
Russell County,60.2
Poquoson city,52.5
Marinette County,52.3
Crawford County,52.3
Scott County,53.8
Indian River County,52.6
Habersham County,55.5
Lanier County,56.9
Wilcox County,57.2
Alexander County,58.6
Calhoun County,53.2
Mercer County,52.3
Monroe County,52.3
Fulton County,54.5
Shelby County,52.7
Ringgold County,54.3
Henry County,57.2
Owen County,56.1
Washington County,54.5
Charles County,52.9
Talbot County,52.6
Alpena County,52.3
Eaton County,53.0
Gogebic County,57.5
Osceola County,55.4
Dunklin County,55.1
Phelps County,53.2
Polk County,53.0
Schuyler County,56.5
Sullivan County,55.8
Nance County,56.7
Lincoln County,53.6
Steele County,56.3
Adams County,60.0
Bryan County,52.9
Wagoner County,53.3
Douglas County,53.7
Morrow County,53.9
Tillamook County,51.5
Wallowa County,56.2
Beaver County,54.0
Franklin County,53.1
Schuylkill County,53.6
Floyd County,56.0
San Saba County,57.6
Dinwiddie County,55.2
Madison County,54.5
Prince Edward County,52.5
Rockbridge County,56.4
Clallam County,54.3
Green Lake County,51.8
Martin County,53.1
Barrow County,53.0
Carroll County,53.1
Pierce County,56.9
Bureau County,52.1
Morgan County,53.5
Jasper County,52.1
Cherokee County,53.9
Labette County,55.9
Rice County,55.1
Saline County,53.2
Daviess County,53.1
Nelson County,53.2
St. Charles Parish,52.8
Bay County,52.6
Jackson County,55.4
Mason County,51.9
Shiawassee County,51.8
Murray County,51.2
Traverse County,55.8
Union County,55.4
Bates County,55.1
Cape Girardeau County,53.8
Iron County,58.2
Morgan County,55.3
Osage County,56.8
Pike County,56.6
Platte County,52.9
Hitchcock County,56.3
Rock County,56.0
Sheridan County,53.9
Atlantic County,52.6
Gloucester County,52.6
Mora County,57.0
Transylvania County,53.4
Emmons County,55.8
Shelby County,53.3
Forest County,59.2
York County,52.9
Bandera County,54.7
Borden County,55.0
Colorado County,52.6
Franklin County,55.6
Houston County,54.9
Nacogdoches County,51.9
Throckmorton County,54.5
Lynchburg city,52.9
Gila County,54.2
Faulkner County,53.5
Pope County,53.1
Tehama County,54.4
Bay County,52.9
Duval County,52.9
Haralson County,59.2
Jackson County,53.0
Washington County,51.7
Hancock County,55.6
Marshall County,51.8
Massac County,54.9
LaGrange County,51.9
Cowley County,55.7
Phillips County,51.5
Rush County,55.8
Boyle County,52.8
Allen Parish,55.3
Androscoggin County,53.6
Cecil County,53.2
Lenawee County,53.4
Montcalm County,55.7
St. Clair County,53.4
Wexford County,54.3
Mahnomen County,56.5
Carroll County,56.3
Carter County,58.4
Jackson County,53.2
Madison County,51.9
Ripley County,58.1
Mineral County,57.9
Ocean County,52.9
Queens County,53.0
Steuben County,53.5
Forsyth County,52.6
Richmond County,55.4
Yancey County,53.3
Cavalier County,55.2
Dickey County,52.5
LaMoure County,55.8
Logan County,54.9
Towner County,56.5
Lake County,53.1
Harney County,51.5
Jefferson County,53.8
Linn County,51.4
Monroe County,52.9
Northampton County,52.9
Day County,55.6
Fall River County,52.4
Jackson County,57.0
Knox County,53.2
Blanco County,54.5
Briscoe County,52.8
Camp County,57.9
Clay County,54.7
Knox County,56.0
Matagorda County,53.0
Medina County,53.6
Jefferson County,54.3
Clay County,56.8
Grant County,54.5
Gulf County,55.4
Sarasota County,52.6
Banks County,53.2
Clearwater County,56.5
Cumberland County,55.6
Hamilton County,55.6
Henry County,53.7
Jefferson County,53.5
Mason County,55.4
Marshall County,51.9
Des Moines County,53.2
Lee County,53.2
Comanche County,54.9
Graham County,56.8
Morton County,54.0
Stanton County,56.7
Sumner County,56.0
Trego County,55.6
Marion County,56.9
Marshall County,52.5
Rowan County,55.7
Madison Parish,58.1
Bristol County,52.6
Hampden County,52.9
Crawford County,55.4
Manistee County,58.4
Monroe County,53.4
Koochiching County,52.5
Forrest County,52.2
Rankin County,53.1
Clark County,54.7
Hill County,51.5
Sanders County,56.2
Loup County,56.1
Merrick County,51.2
Storey County,57.1
Avery County,55.8
Camden County,55.7
Athens County,55.0
Auglaize County,52.0
Erie County,53.2
Fairfield County,53.6
Ottawa County,53.2
Comanche County,53.3
McClain County,52.7
Sherman County,55.3
Charleston County,51.6
Horry County,53.1
Richland County,52.9
Donley County,56.0
Morris County,57.9
Bedford County,54.0
Botetourt County,54.3
Fluvanna County,53.7
Franklin County,53.5
Gloucester County,53.1
Mason County,54.6
Franklin County,55.5
Chatham County,51.9
Chattooga County,57.9
Paulding County,53.1
Boundary County,54.4
Nez Perce County,51.5
Richland County,52.0
Franklin County,52.8
Knox County,53.9
Grundy County,55.2
Keokuk County,55.8
Kossuth County,52.3
Shelby County,54.4
Dickinson County,55.1
Harper County,56.3
Miami County,52.9
Ascension Parish,52.8
Catahoula Parish,61.2
St. Mary's County,52.9
Alger County,59.2
Baraga County,60.5
Hillsdale County,54.6
Otsego County,52.0
Barry County,51.5
Cooper County,54.0
Saline County,53.7
Cape May County,52.8
Hamilton County,54.9
Washington County,53.6
Brunswick County,55.7
Davidson County,52.9
Hamilton County,52.6
Highland County,53.9
Knox County,53.2
Licking County,53.6
Mercer County,52.4
Wood County,52.9
Clatsop County,51.2
Wasco County,51.5
Berks County,52.9
Douglas County,56.8
Moody County,54.7
Potter County,54.7
Callahan County,52.6
Carson County,54.5
Freestone County,56.2
Gregg County,53.1
Liberty County,57.9
McCulloch County,54.6
Tarrant County,52.9
Wilbarger County,53.1
Alleghany County,57.3
Campbell County,53.6
Grayson County,60.3
Adams County,51.9
Ashland County,52.0
Polk County,52.3
Sawyer County,52.4
Hot Springs County,50.0
Brantley County,57.4
Camden County,52.9
Echols County,58.2
Hall County,52.9
Pope County,57.0
Warrick County,52.3
Washington County,52.4
Mills County,51.5
Allen County,55.9
Campbell County,53.3
Lafourche Parish,53.1
Vermilion Parish,52.9
Oxford County,52.4
Bollinger County,58.8
Clinton County,53.5
Knox County,52.3
Perry County,54.7
Gage County,52.0
Alamance County,52.9
Davie County,53.4
Oliver County,51.6
Wells County,56.3
Bradford County,52.4
Butler County,52.8
Clinton County,53.9
Jones County,57.3
Cochran County,59.8
Gray County,53.4
Hardeman County,54.6
Henderson County,53.4
Jackson County,55.6
Panola County,55.9
Refugio County,56.9
Robertson County,52.2
Young County,52.7
Bath County,57.4
Louisa County,54.1
Page County,54.2
Suffolk city,53.3
Marion County,54.0
Nassau County,53.1
Pinellas County,52.9
Forsyth County,52.6
Lumpkin County,52.6
Minidoka County,54.2
Clay County,52.6
De Witt County,51.8
Douglas County,52.2
Gallatin County,56.8
Montgomery County,56.6
Rock Island County,53.2
LaPorte County,53.4
Spencer County,52.2
Tipton County,53.9
Ness County,56.3
Republic County,52.3
Sedgwick County,53.2
Wichita County,56.3
Christian County,55.4
Kenton County,52.8
Kennebec County,51.9
Huron County,51.9
St. Joseph County,53.2
Lamar County,53.3
Cass County,53.8
Jasper County,53.4
Lewis County,54.9
St. Louis County,52.9
Taney County,52.3
Lake County,51.7
Mineral County,56.7
Adams County,51.8
Dundy County,55.8
Harlan County,55.2
Delaware County,52.4
Wilkes County,55.8
Grant County,56.5
Renville County,55.2
Klamath County,54.3
Lehigh County,52.9
Wyoming County,54.9
Deuel County,56.3
Atascosa County,52.3
Brooks County,56.5
Comanche County,56.7
Jefferson County,55.4
Kinney County,57.2
Lee County,55.6
Live Oak County,54.8
Polk County,54.9
Rusk County,55.8
Van Zandt County,55.6
Wheeler County,53.2
Galax city,55.9
Greenlee County,57.1
Mariposa County,54.6
Lee County,55.7
Effingham County,52.7
Piatt County,52.3
Sangamon County,53.4
Johnson County,52.2
Calhoun County,53.0
Cass County,52.8
Emmet County,52.1
Marshall County,55.4
Monroe County,53.9
Wright County,52.0
Greeley County,54.2
Norton County,55.9
Shawnee County,53.4
Graves County,55.7
St. Martin Parish,52.2
Plymouth County,52.6
Lapeer County,55.0
Menominee County,52.0
Wright County,56.2
Keya Paha County,56.2
Pierce County,56.1
Sherman County,54.4
Essex County,51.6
Oswego County,52.4
Schuyler County,53.1
Foster County,53.2
Madison County,56.3
Rogers County,52.7
Carbon County,52.6
Lycoming County,54.0
Custer County,51.8
Tripp County,53.2
Walworth County,55.6
Collingsworth County,53.0
Montague County,51.9
Somervell County,54.5
Upshur County,53.6
Clarke County,55.9
Craig County,56.5
Powhatan County,56.6
Covington city,54.0
Ferry County,56.2
Sauk County,51.8
Manatee County,52.9
Coweta County,53.0
Cass County,53.7
Crawford County,56.4
Ford County,53.3
Perry County,56.1
Schuyler County,57.9
White County,53.5
Whitley County,52.3
Cedar County,52.3
Davis County,52.5
Delaware County,52.8
Jefferson County,51.8
Palo Alto County,54.4
Edwards County,54.2
Smith County,56.2
Scott County,53.2
Plaquemines Parish,52.6
Clinton County,52.9
Newaygo County,55.0
Meeker County,52.0
Pine County,55.6
Camden County,51.8
Grundy County,55.2
Jefferson County,53.0
Nodaway County,53.6
Antelope County,53.9
Franklin County,52.8
Esmeralda County,56.2
Belknap County,51.7
Luna County,54.8
Columbia County,52.9
St. Lawrence County,53.7
Currituck County,53.4
Harnett County,53.1
Moore County,53.2
McIntosh County,54.4
Tulsa County,52.9
Columbia County,51.5
Miner County,54.7
Davidson County,52.9
Archer County,55.0
Armstrong County,57.2
Irion County,51.9
Terrell County,53.9
San Juan County,57.3
Culpeper County,53.2
Giles County,56.4
Warren County,53.4
Stevens County,54.1
Preston County,57.7
Burnett County,52.3
Racine County,53.1
Waushara County,53.6
Yavapai County,53.5
Palm Beach County,52.6
Dawson County,51.5
Caribou County,55.2
Lewis County,54.2
Christian County,53.4
Edwards County,55.0
Johnson County,57.6
Macoupin County,54.1
Marion County,54.0
Putnam County,51.6
Warren County,53.8
Washington County,52.8
Whiteside County,53.0
Williamson County,53.6
Bartholomew County,52.9
Marion County,52.9
Hardin County,54.8
Montgomery County,52.5
Poweshiek County,52.1
Pottawatomie County,52.3
Rooks County,54.2
Madison County,53.1
Penobscot County,52.8
Christian County,52.6
Daviess County,57.1
Franklin County,53.4
Ste. Genevieve County,55.9
Hooker County,56.9
Kimball County,53.9
Scotts Bluff County,51.5
Strafford County,52.5
Livingston County,52.6
Sullivan County,55.4
Tioga County,52.6
Madison County,55.0
Yadkin County,54.5
Adams County,54.4
Barnes County,52.9
Greene County,52.9
Elk County,52.3
Pike County,53.2
Hand County,52.3
Hutchinson County,56.2
Hyde County,55.9
Haskell County,52.2
Hopkins County,53.2
Hutchinson County,53.2
King County,56.1
Loving County,56.1
Parker County,53.6
San Patricio County,52.2
Uvalde County,51.7
Caroline County,53.7
James City County,52.9
Shenandoah County,53.7
Bristol city,53.6
Okanogan County,53.8
Berkeley County,53.1
Green County,51.5
Washburn County,52.0
Baldwin County,53.1
Modoc County,57.1
Hillsborough County,52.9
Bacon County,57.2
Columbia County,52.9
Liberty County,53.0
Newton County,53.2
Polk County,55.4
Jersey County,52.7
La Salle County,53.4
Ogle County,52.9
Boone County,51.8
Kosciusko County,52.3
Steuben County,51.9
Cerro Gordo County,52.0
Chickasaw County,51.8
Fayette County,52.9
Greene County,54.4
Sac County,53.6
Warren County,52.0
Jackson County,52.1
Lincoln County,55.8
Lyon County,53.3
Baltimore County,52.6
Crow Wing County,52.0
Lafayette County,52.9
Clay County,52.9
Crawford County,57.0
Pondera County,55.2
Grant County,55.8
Knox County,55.0
Camden County,52.6
Socorro County,56.9
Iredell County,52.6
McLean County,55.8
Pierce County,53.9
Ransom County,54.4
Summit County,53.4
Cleveland County,53.2
Cameron County,55.1
McKean County,54.0
Dorchester County,53.0
Greenville County,52.6
Clark County,57.0
Gregory County,55.9
Lyman County,55.4
Fannin County,55.8
Lynn County,56.0
Nolan County,55.6
Shackelford County,54.4
Wise County,52.7
Dickenson County,60.5
Lincoln County,53.9
Walla Walla County,52.9
Cochise County,55.5
Graham County,54.9
Alpine County,53.7
San Joaquin County,53.0
Fayette County,55.2
Wayne County,52.3
Allen County,52.6
Dubois County,51.5
Hamilton County,51.2
Howard County,52.7
Linn County,52.6
Harvey County,53.5
Kiowa County,54.2
Leavenworth County,53.2
Calloway County,53.0
Oldham County,53.0
Essex County,52.6
Allegan County,52.7
Ionia County,55.8
Otter Tail County,52.6
McDonald County,54.6
Oregon County,57.8
Sheridan County,52.0
Brown County,55.2
Burt County,51.8
Lincoln County,52.1
Pawnee County,54.7
Harding County,58.5
Kings County,52.0
Rockland County,52.6
Wayne County,53.6
Carteret County,52.8
Craven County,55.4
Guilford County,52.6
Holmes County,53.7
Marion County,51.8
Perry County,52.8
Haakon County,54.7
Cooke County,53.1
Hale County,52.2
Hunt County,53.1
Presidio County,51.0
Roberts County,54.7
Victoria County,52.8
Fauquier County,52.9
King William County,53.5
Richmond city,53.2
Klickitat County,54.2
Amador County,55.4
Butte County,54.6
Gordon County,53.2
Tattnall County,57.2
Shoshone County,54.4
Jasper County,53.2
Menard County,53.8
Moultrie County,55.6
Elkhart County,53.1
Floyd County,53.2
Clarke County,53.9
Franklin County,52.3
Jones County,56.1
Taylor County,54.4
Lincoln Parish,51.9
Mecosta County,56.0
Sanilac County,54.2
Cass County,54.4
Cottonwood County,54.6
Kanabec County,52.0
Madison County,52.9
Oktibbeha County,52.7
Chase County,55.8
Dixon County,55.3
Thayer County,54.4
Webster County,53.9
Sullivan County,52.4
Catron County,57.4
Chenango County,52.8
Griggs County,52.1
Ramsey County,52.0
Union County,53.4
Oklahoma County,53.2
Union County,55.4
Sanborn County,56.2
Bosque County,56.3
Lamb County,56.0
Lampasas County,53.1
Smith County,52.6
Wharton County,53.4
Juab County,55.2
Essex County,54.4
Chesapeake city,52.9
Falls Church city,51.4
Staunton city,53.1
San Juan County,49.7
Yakima County,52.3
Buffalo County,53.0
Rock County,53.1
Converse County,51.5
White County,53.5
Lake County,55.5
Trinity County,53.7
Tuolumne County,55.4
Windham County,53.1
Adams County,53.6
Edgar County,53.8
Lee County,53.4
McHenry County,52.1
Randolph County,56.1
Shelby County,55.4
Adams County,54.4
Buena Vista County,52.6
Ida County,52.5
Mahaska County,52.5
Woodbury County,52.9
Lafayette Parish,52.6
Marquette County,53.7
Lac qui Parle County,54.4
Cole County,53.2
Powell County,55.2
Fillmore County,55.3
McPherson County,56.5
Carroll County,52.0
Sierra County,56.1
Fulton County,53.4
Divide County,50.0
Lebanon County,53.1
Susquehanna County,54.4
Brule County,53.8
Perkins County,56.2
Hill County,53.6
Montgomery County,52.9
Navarro County,52.6
Sterling County,56.9
Tom Green County,53.1
Daggett County,56.8
Piute County,56.5
Orange County,53.4
Jefferson County,53.1
Milwaukee County,52.9
Oneida County,52.0
Rusk County,54.4
Shawano County,51.9
Laramie County,52.8
Calaveras County,54.6
Seminole County,52.9
DeKalb County,52.9
Bannock County,52.3
Bond County,53.8
Macon County,53.9
Madison County,53.1
DeKalb County,51.5
Hendricks County,52.9
Putnam County,58.4
Benton County,52.8
Butler County,55.2
Madison County,52.3
Webster County,53.2
Jefferson County,55.6
Stevens County,54.9
Branch County,55.7
Charlevoix County,52.0
Clearwater County,52.5
Wadena County,53.6
Callaway County,54.2
Howard County,57.0
Lawrence County,52.2
Livingston County,54.9
Scotland County,53.8
Prairie County,56.7
Dodge County,51.9
Nemaha County,52.9
Phelps County,52.5
Thomas County,54.4
San Juan County,51.7
Cayuga County,53.6
Oneida County,52.6
Beckham County,53.1
Kingsbury County,55.4
Burnet County,53.2
Culberson County,53.9
Guadalupe County,53.0
Hudspeth County,56.9
Sherman County,54.7
Stephens County,57.9
Bland County,60.5
Door County,51.5
Weston County,53.9
Lee County,52.9
Bingham County,52.1
Gem County,51.8
Scott County,55.6
St. Joseph County,52.6
Hancock County,51.8
Tama County,52.4
Van Buren County,54.4
Butler County,53.5
Coffey County,54.2
Kent County,53.1
Queen Anne's County,53.1
Gratiot County,55.8
Macomb County,52.9
Andrew County,52.6
Custer County,51.8
Deer Lodge County,51.8
Sweet Grass County,52.0
Treasure County,53.2
Garden County,56.4
Gosper County,54.1
Hayes County,54.2
Torrance County,56.9
Broome County,52.6
Chautauqua County,53.4
Clinton County,53.1
Lewis County,53.3
Schenectady County,52.6
Cabarrus County,52.9
Henderson County,53.1
Franklin County,52.9
Putnam County,52.6
Umatilla County,52.4
Snyder County,52.9
Kent County,51.8
Providence County,52.6
Lexington County,52.9
Campbell County,55.4
Jerauld County,55.2
Spink County,54.4
Rutherford County,53.3
Crockett County,53.9
Dickens County,56.9
Duval County,58.2
Ellis County,53.4
Hardin County,53.4
Jim Hogg County,54.4
Nueces County,51.9
Swisher County,59.8
Box Elder County,51.5
Greene County,52.9
New Kent County,53.5
Rockingham County,53.7
Snohomish County,52.9
Waupaca County,51.9
Plumas County,54.7
Solano County,52.9
Long County,57.2
Gooding County,52.1
Knox County,53.8
Logan County,56.0
Cass County,52.3
Louisa County,53.9
Marion County,52.2
Plymouth County,51.5
Anderson County,54.7
Haskell County,55.2
Kearny County,54.9
Waldo County,52.4
Goodhue County,52.4
St. Louis County,52.8
Johnson County,53.3
Webster County,56.6
Phillips County,55.2
Valley County,54.4
Wheatland County,56.7
Richardson County,54.4
Middlesex County,52.6
De Baca County,58.3
Albany County,52.6
Schoharie County,52.4
Warren County,52.5
Dare County,53.6
Bottineau County,54.9
Garfield County,53.4
Clackamas County,52.1
Beaufort County,52.8
Faulk County,56.8
Stanley County,56.2
Montgomery County,53.2
Caldwell County,55.5
Crosby County,56.8
Galveston County,52.9
Pecos County,56.9
Schleicher County,56.1
Sutton County,55.3
Terry County,56.1
Kane County,51.8
Dodge County,53.4
Douglas County,52.5
Jackson County,53.0
Langlade County,52.0
Sheridan County,51.2
Stanislaus County,52.9
Okaloosa County,52.9
Decatur County,55.6
Humboldt County,51.8
Jasper County,53.2
Mitchell County,52.8
Winnebago County,52.3
Doniphan County,54.4
Scott County,51.8
Wabaunsee County,52.7
York County,51.7
Berkshire County,52.9
Worcester County,52.6
Houghton County,51.7
Kittson County,54.4
Marshall County,54.7
Martin County,51.5
Golden Valley County,54.1
Custer County,55.3
Deuel County,54.4
Frontier County,55.8
Eddy County,52.6
Grant County,54.7
Essex County,53.1
Monroe County,52.6
Orange County,52.9
Orleans County,53.4
Warren County,52.9
Allegheny County,53.1
Indiana County,53.7
Lancaster County,52.9
Hamlin County,55.5
Austin County,53.2
Bastrop County,53.6
Brewster County,52.6
Hansford County,54.5
Hidalgo County,51.4
Howard County,56.9
Jack County,57.9
Ward County,55.6
Wilson County,53.6
Garfield County,54.0
Henrico County,52.9
Smyth County,57.3
Buena Vista city,54.0
Sheboygan County,52.1
Benton County,52.3
Colusa County,52.2
Sierra County,56.2
Hartford County,52.6
Boise County,54.1
Kootenai County,51.5
Peoria County,53.2
Tazewell County,52.8
Woodford County,52.6
Dickinson County,52.0
Dubuque County,53.3
O'Brien County,51.5
St. Tammany Parish,52.6
Barry County,51.9
Polk County,52.3
Moniteau County,55.8
Dawson County,51.8
Musselshell County,54.5
Greeley County,56.4
Mercer County,52.9
Quay County,54.2
Dutchess County,52.9
Franklin County,55.8
Madison County,53.6
Hardin County,53.2
Medina County,52.5
Texas County,52.3
Yamhill County,52.1
Bucks County,52.6
Marshall County,55.2
Chambers County,53.2
Glasscock County,56.1
Hartley County,54.3
Upton County,56.9
Carbon County,52.2
Norton city,58.7
Clark County,52.9
Fremont County,51.5
Lee County,53.3
Broward County,52.9
Butte County,55.8
Canyon County,51.8
Idaho County,54.1
Owyhee County,54.1
Livingston County,56.0
Black Hawk County,52.6
Buchanan County,54.4
Fremont County,54.4
Barton County,53.6
Finney County,53.3
McPherson County,52.7
Marshall County,53.5
Meade County,54.7
Carroll County,52.6
Midland County,51.8
Carlton County,52.9
Jackson County,51.2
Lake County,54.4
Pope County,52.0
Rock County,52.1
Petroleum County,56.8
Clay County,55.3
Dawes County,54.8
Garfield County,56.3
Stanton County,54.0
Churchill County,51.8
Lincoln County,57.9
Burlington County,52.6
Otero County,55.4
Union County,55.6
Greene County,52.8
Niagara County,53.1
Richmond County,52.9
Yates County,53.1
Buncombe County,52.8
Pitt County,51.9
Union County,52.9
Hettinger County,56.5
McKenzie County,53.9
Walsh County,51.5
Hughes County,52.3
Bailey County,52.4
Brown County,53.4
El Paso County,52.1
Karnes County,56.1
Lipscomb County,53.9
Titus County,53.2
Sevier County,52.2
Floyd County,54.7
York County,52.9
Waynesboro city,53.1
Benton County,51.8
Lewis County,53.8
Bayfield County,52.3
Crawford County,56.1
Kewaunee County,51.9
Lincoln County,52.3
Oconto County,52.0
Richland County,53.9
Contra Costa County,52.6
Fresno County,52.0
Inyo County,51.9
Shasta County,54.6
Benewah County,54.2
Camas County,56.3
Custer County,55.2
Boone County,53.3
Porter County,52.9
Bremer County,52.9
Guthrie County,52.3
Washington County,52.1
Marion County,56.0
Sherman County,53.0
Franklin County,52.3
Sagadahoc County,52.2
Harford County,52.9
Big Stone County,56.3
Lake of the Woods County,51.7
McCone County,55.8
Madison County,51.5
Boone County,55.8
Dawson County,53.2
Madison County,52.4
Nuckolls County,50.8
Platte County,51.5
Roosevelt County,52.2
Chemung County,52.6
Erie County,52.6
Jefferson County,53.0
Montgomery County,52.4
Sargent County,55.2
Cumberland County,52.9
Beadle County,51.8
Bon Homme County,59.4
Davison County,52.3
Hemphill County,51.5
Johnson County,53.6
Parmer County,53.8
Rutland County,52.3
Hanover County,52.9
Chelan County,51.2
Island County,52.6
Pierce County,52.9
Dunn County,51.7
Kern County,55.5
Oconee County,52.6
McDonough County,53.2
Clay County,51.5
Lyon County,55.2
Gray County,55.2
Jessamine County,52.8
Anne Arundel County,52.6
Oakland County,52.6
Beltrami County,52.0
Chippewa County,51.8
Houston County,52.4
Lincoln County,55.2
Pipestone County,53.9
Roseau County,51.7
Wilkin County,54.4
Newton County,52.5
Carter County,56.6
Howard County,55.2
Logan County,56.1
Wheeler County,53.9
Lyon County,54.6
Allegany County,52.8
Cattaraugus County,52.8
Genesee County,53.4
Otsego County,53.1
Ulster County,52.6
Slope County,56.3
Josephine County,53.6
Polk County,51.0
Sully County,57.3
Cameron County,54.0
Castro County,54.6
Dimmit County,54.6
Grayson County,53.1
Oldham County,55.6
Millard County,54.2
Orleans County,52.9
Frederick County,53.2
King George County,53.1
Salem city,52.9
Spokane County,52.6
Brown County,52.6
Lafayette County,51.9
Merced County,55.5
San Bernardino County,53.0
New London County,52.9
Payette County,54.2
Clayton County,55.2
Muscatine County,52.3
Warren County,52.9
Emmet County,52.0
Ingham County,52.9
Kent County,52.9
Cook County,54.4
Grant County,55.2
McLeod County,51.2
Yellow Medicine County,53.9
Fergus County,55.2
Wibaux County,54.4
Dakota County,52.9
Johnson County,57.9
Morrill County,53.9
Clark County,52.9
White Pine County,57.9
Warren County,52.9
Chaves County,52.5
Colfax County,53.8
Herkimer County,53.1
Dunn County,53.9
Delaware County,52.6
Union County,53.9
Union County,54.7
Williamson County,52.9
Bell County,52.9
Jim Wells County,51.6
Kaufman County,53.1
Kenedy County,54.4
Kleberg County,51.9
Taylor County,52.9
Tooele County,53.0
Norfolk city,53.3
Washington County,53.2
Los Angeles County,52.9
Pueblo County,53.1
Kankakee County,53.4
Allamakee County,53.1
Boone County,53.1
Barber County,51.8
Calvert County,53.0
Norman County,53.9
Redwood County,51.0
Cascade County,52.0
Granite County,56.7
Blaine County,57.7
Keith County,53.9
Hillsborough County,52.6
Merrimack County,52.3
Rockingham County,51.5
Onondaga County,52.6
Bowman County,56.2
Portage County,53.4
Washington County,51.8
Brazoria County,52.9
Coryell County,55.5
Dallas County,52.9
Dawson County,56.9
Madison County,57.9
Scurry County,53.2
Chesterfield County,52.9
Skagit County,51.7
Skamania County,53.9
Monongalia County,53.4
Marathon County,51.7
Ozaukee County,51.8
Maricopa County,52.9
Placer County,51.8
Riverside County,52.9
New Haven County,52.6
New Castle County,52.6
St. Johns County,52.9
Santa Rosa County,52.9
Cassia County,52.1
Fremont County,53.0
Jackson County,53.2
Fayette County,52.6
Lincoln County,52.0
Frederick County,52.6
Grand Traverse County,52.3
Livingston County,51.9
Adair County,53.3
Carbon County,53.0
Daniels County,55.2
Butler County,51.5
Polk County,55.8
Cheshire County,51.4
Hidalgo County,56.1
Valencia County,54.9
Delaware County,52.6
Edmunds County,56.2
McCook County,56.2
Childress County,55.1
Jones County,56.0
McLennan County,51.9
Moore County,54.6
Walker County,55.5
Grant County,52.3
Barron County,53.1
Taylor County,54.9
Vernon County,52.3
Goshen County,54.4
Natrona County,52.4
Uinta County,51.8
Ketchikan Gateway Borough,51.5
Wrangell City and Borough,54.5
Bear Lake County,54.2
Coles County,53.4
Carroll County,52.0
Sioux County,51.2
Ellis County,52.3
Franklin County,53.0
Hamilton County,54.9
Nemaha County,56.2
Becker County,52.0
Brown County,51.5
Itasca County,52.4
Sibley County,51.5
Liberty County,55.2
Meagher County,54.4
Ravalli County,51.5
Cass County,51.9
Holt County,53.1
Monmouth County,52.6
Rensselaer County,53.0
Seneca County,55.6
Burke County,54.4
Kidder County,49.5
Jackson County,51.7
Malheur County,54.4
Bexar County,51.9
Ector County,53.1
Erath County,52.6
Gaines County,55.4
Kendall County,51.8
Mitchell County,55.7
Orange County,53.1
Potter County,52.9
Reagan County,57.5
Rockwall County,52.6
Fredericksburg city,52.9
Williamsburg city,52.9
Winchester city,52.9
Kenosha County,52.9
Monroe County,52.7
Trempealeau County,51.8
Crook County,55.3
Pima County,52.6
Humboldt County,51.8
Orange County,52.9
Jefferson County,54.2
Faribault County,51.5
Greene County,52.9
Broadwater County,52.9
Teton County,52.2
Cedar County,53.9
Cuming County,53.1
Douglas County,52.6
Grafton County,52.3
Rio Arriba County,54.0
San Miguel County,56.9
Suffolk County,52.6
Golden Valley County,56.2
Stutsman County,52.5
Bristol County,52.1
Andrews County,54.8
Comal County,52.0
Crane County,55.6
Martin County,55.8
Bennington County,51.0
Thurston County,52.9
Clark County,51.9
Platte County,53.9
Shelby County,52.9
Cherokee County,52.9
Fulton County,51.6
Twin Falls County,51.5
Clinton County,53.7
Iowa County,54.4
Scott County,52.6
Atchison County,53.5
Ford County,53.2
Thomas County,54.7
Red Lake County,55.8
Judith Basin County,56.3
Hall County,52.8
Durham County,52.6
Aurora County,54.2
Bee County,54.8
Concho County,57.1
Deaf Smith County,52.6
Hays County,53.1
Hockley County,53.1
Maverick County,54.5
Val Verde County,52.6
Winkler County,56.3
Zavala County,58.3
Emery County,54.2
Rich County,56.3
Kitsap County,52.9
Fond du Lac County,52.0
Johnson County,51.5
Siskiyou County,54.3
Sutter County,52.9
Collier County,53.1
Monroe County,52.8
Elmore County,53.2
Grundy County,52.7
Hamilton County,52.6
Polk County,52.6
Barnstable County,52.8
Norfolk County,52.6
Swift County,54.7
Jefferson County,51.8
Toole County,56.2
Perkins County,51.7
Saunders County,53.9
Eureka County,53.9
Sussex County,52.6
Watauga County,52.8
Lake County,52.2
Frio County,54.5
Lubbock County,52.9
Midland County,52.9
Webb County,51.7
Yoakum County,54.6
Douglas County,51.5
Iowa County,52.4
Manitowoc County,51.3
Pierce County,51.7
Winnebago County,52.9
Lincoln County,51.5
Bristol Bay Borough,53.9
Alameda County,52.9
San Luis Obispo County,52.6
Cobb County,52.6
Bonneville County,51.8
Clark County,54.5
Cook County,53.2
Will County,53.2
Hancock County,51.9
Isabella County,53.0
Fillmore County,54.4
Pulaski County,55.7
Colfax County,54.7
Saline County,51.7
Saratoga County,51.8
Mecklenburg County,52.6
Traill County,54.4
Hood River County,51.0
Newport County,52.6
Harris County,52.9
Wayne County,54.2
Outagamie County,51.8
Del Norte County,57.9
Glenn County,56.8
Mendocino County,51.5
Napa County,52.6
Sacramento County,52.9
Santa Clara County,52.6
Prowers County,51.4
Middlesex County,52.6
Gilchrist County,58.2
Honolulu County,53.3
Valley County,51.1
Lake County,52.9
Dallas County,51.8
Chisago County,52.8
Le Sueur County,51.5
Mower County,52.9
St. Charles County,53.2
Yellowstone County,52.1
Kearney County,55.3
Red Willow County,52.9
Sarpy County,52.9
York County,54.8
Somerset County,52.6
Guadalupe County,56.9
New Hanover County,52.9
Richland County,52.9
Washington County,52.6
Brown County,52.2
Butte County,53.0
Meade County,52.3
Pennington County,52.3
Turner County,55.6
Fort Bend County,52.9
Starr County,55.1
Niobrara County,50.0
Yukon-Koyukuk Census Area,58.0
Imperial County,54.4
San Mateo County,52.6
Costilla County,56.1
Alachua County,52.6
Leon County,52.9
Clarke County,52.6
Gwinnett County,52.9
Kauai County,51.5
Lincoln County,54.2
DeKalb County,53.2
Kendall County,52.9
Seward County,53.3
Franklin County,51.8
Middlesex County,52.6
Dodge County,51.5
Lyon County,52.6
Pennington County,54.8
Wright County,52.1
Garfield County,57.1
Silver Bow County,51.5
Arthur County,54.1
Cherry County,52.0
Passaic County,52.9
Cortland County,52.3
Nassau County,52.6
McHenry County,54.4
Williams County,52.0
Codington County,52.3
Grant County,51.8
Hanson County,50.9
Garza County,58.2
Willacy County,56.9
Zapata County,54.5
Morgan County,54.0
Weber County,52.5
Washington County,52.2
Stafford County,53.2
Charlottesville city,52.9
Matanuska-Susitna Borough,52.2
Power County,54.2
Brown County,56.7
Hubbard County,53.0
Morrison County,52.4
Ramsey County,52.9
Renville County,53.9
Washington County,52.6
Sioux County,56.1
Carson City,52.6
Westchester County,52.6
Wake County,52.6
La Salle County,58.0
Ochiltree County,52.5
Randall County,52.9
Caledonia County,51.9
Manassas city,52.9
Chippewa County,53.1
Grant County,53.2
Washington County,52.0
Carbon County,54.5
Fremont County,55.7
Montrose County,51.5
District of Columbia,51.6
Hawaii County,51.6
DuPage County,52.9
Nantucket County,52.8
Kandiyohi County,53.4
Todd County,51.5
Winona County,51.8
Chouteau County,52.0
Elko County,52.0
Wyoming County,53.4
Harding County,57.1
Reeves County,56.9
Franklin County,52.4
Windsor County,52.2
Lexington city,52.9
Calumet County,51.2
La Crosse County,52.3
Wood County,51.2
Sweetwater County,52.3
Santa Cruz County,54.0
Orange County,52.1
Tulare County,52.0
Sedgwick County,53.9
Dukes County,51.3
Anoka County,52.9
Freeborn County,52.1
Steele County,52.8
Washington County,52.9
Douglas County,51.0
Bergen County,52.6
Lea County,53.6
Sandoval County,53.0
Orange County,52.6
Stark County,52.3
Dallam County,54.8
Denton County,52.9
Duchesne County,52.5
Uintah County,52.1
Virginia Beach city,52.9
Columbia County,52.6
Eau Claire County,52.5
Park County,51.8
Haines Borough,54.4
Yakutat City and Borough,54.0
Madera County,54.5
Marin County,52.6
San Francisco County,52.6
Sonoma County,51.8
Clear Creek County,52.3
Miami-Dade County,52.9
Franklin County,55.8
Winneshiek County,51.7
Geary County,53.3
Cumberland County,53.1
Benton County,53.6
Stevens County,52.1
Watonwan County,51.7
Morris County,52.6
Curry County,51.6
Lincoln County,51.4
Morton County,52.8
Chester County,52.6
Minnehaha County,52.9
Yankton County,52.7
Collin County,52.9
Beaver County,54.2
Sanpete County,57.6
Prince William County,53.2
Manassas Park city,52.9
Kittitas County,51.8
Whatcom County,51.8
Waukesha County,51.8
Phillips County,51.5
Grant County,54.2
Kalamazoo County,52.6
Ottawa County,52.1
Isanti County,52.4
Nobles County,53.0
Stillwater County,53.9
Lander County,53.9
Pershing County,57.9
Union County,52.6
Onslow County,52.9
Billings County,53.9
Ward County,53.1
Benton County,51.8
Deschutes County,51.2
Lane County,52.1
Centre County,52.6
Grand County,51.7
Washington County,51.5
Walworth County,52.0
Nevada County,51.2
San Diego County,52.9
Kiowa County,56.4
Las Animas County,51.7
Maui County,51.5
Jerome County,54.2
Kane County,53.2
Monroe County,52.9
Nicollet County,53.0
Wabasha County,51.8
Beaverhead County,51.5
Lewis and Clark County,51.5
Seward County,52.0
Taos County,51.4
Multnomah County,52.9
Clay County,52.3
Orange County,52.4
Jefferson County,52.3
Aleutians East Borough,55.7
Coconino County,51.9
Lassen County,55.1
Monterey County,53.0
San Benito County,51.9
Ventura County,52.9
Yuba County,54.5
Baca County,55.1
Delta County,54.2
Huerfano County,53.7
Lincoln County,57.9
Fairfield County,52.6
Bonner County,54.1
Montgomery County,52.6
Washtenaw County,52.6
Douglas County,52.3
Stearns County,52.6
Fallon County,54.4
Park County,51.5
Richland County,52.3
Cheyenne County,53.7
Lancaster County,52.6
Ontario County,53.1
Putnam County,52.6
Brazos County,52.9
Albemarle County,52.9
El Dorado County,52.1
Kings County,55.5
Dolores County,56.1
Ada County,52.3
Johnson County,52.9
Knox County,52.0
Howard County,52.6
Suffolk County,51.6
Boone County,52.9
Powder River County,55.8
Tompkins County,52.6
Burleigh County,52.5
Windham County,52.5
Fairfax city,51.4
Portage County,51.0
Lake and Peninsula Borough,54.6
Valdez-Cordova Census Area,51.0
Mono County,51.0
Morgan County,53.4
Champaign County,53.2
Hudson County,51.9
Bernalillo County,52.9
Dona Ana County,52.2
Montgomery County,52.6
Williamson County,52.9
Davis County,52.3
Grand Isle County,54.4
"Hoonah-Angoon Census Area, AK",54.2
Price of Wales Hyder Census Area,54.2
Kit Carson County,55.6
Rice County,52.9
Hamilton County,52.5
Grand Forks County,52.9
Lawrence County,51.5
Dillingham Census Area,53.8
Kenai Peninsula Borough,51.2
Adams County,53.0
Mesa County,51.4
Tolland County,52.9
Salt Lake County,52.3
St. Croix County,51.7
Petersburg Census area,54.0
Santa Barbara County,52.6
Sherburne County,52.9
Flathead County,51.5
Washoe County,52.6
Payne County,53.3
Franklin County,53.0
Anchorage Municipality,52.6
Santa Cruz County,51.8
Bent County,57.9
El Paso County,52.9
Logan County,53.4
Saguache County,53.8
McLean County,52.9
Olmsted County,52.9
Hunterdon County,52.6
Los Alamos County,49.5
Cass County,52.6
Lamoille County,52.5
Campbell County,51.8
Southeast Fairbanks Census Area,54.8
Yolo County,52.9
Rio Grande County,51.8
Teller County,51.2
Tippecanoe County,52.9
Dakota County,52.6
Loudoun County,53.2
Radford city,52.9
Albany County,52.1
Sublette County,51.8
Custer County,56.9
Mineral County,55.3
Otero County,53.8
Hampshire County,52.6
Blue Earth County,52.6
Carver County,51.8
Hennepin County,52.6
Waseca County,52.8
Humboldt County,51.2
Iron County,51.7
Montgomery County,52.9
King County,52.6
Sitka City and Borough,51.2
Alamosa County,54.2
Ouray County,53.9
Park County,53.9
San Juan County,53.9
Litchfield County,52.1
Story County,52.6
Buffalo County,52.1
New York County,50.9
Addison County,52.3
Harrisonburg city,53.2
Kodiak Island Borough,54.2
Hinsdale County,55.7
Jackson County,55.8
Blaine County,50.0
Wayne County,54.8
Lincoln County,52.8
Whitman County,53.0
North Slope Borough,52.1
Northwest Arctic Borough,57.8
Cheyenne County,53.9
Montezuma County,53.9
Washington County,55.5
Douglas County,52.9
Wasatch County,51.8
Chittenden County,53.1
Skagway Municipality,54.2
Chaffee County,53.2
Weld County,52.3
Chattahoochee County,58.2
Latah County,52.3
Clay County,52.1
Travis County,52.6
Arapahoe County,52.6
Gilpin County,53.7
Moffat County,51.8
Dane County,52.6
Aleutians West Census Area,55.4
Fairfax County,52.9
Alexandria city,52.9
Yuma County,54.7
Brookings County,52.1
Nome Census Area,57.5
Conejos County,54.7
Crowley County,56.9
Denver County,51.6
Rio Blanco County,54.8
Teton County,51.8
Juneau City and Borough,51.1
Archuleta County,51.4
Bethel Census Area,57.8
Denali Borough,53.9
Scott County,52.9
Grand County,51.2
Riley County,53.2
Cache County,51.5
Fairbanks North Star Borough,52.9
Broomfield County,51.8
Madison County,51.7
Utah County,51.5
Jefferson County,51.8
Lake County,51.5
Johnson County,52.6
Douglas County,51.8
Elbert County,53.9
Larimer County,51.8
Missoula County,51.2
Pitkin County,49.5
San Miguel County,51.2
La Plata County,51.5
Teton County,49.7
Garfield County,51.8
Santa Fe County,51.7
Gunnison County,51.5
Gallatin County,51.2
Summit County,50.6
Arlington County,52.9
Boulder County,51.8
Routt County,51.5
Summit County,54.8
Eagle County,51.2
